{
  "version": 1,
  "author": "Shashwat Shukla",
  "editor": "wokwi",
  "parts": [
    { "type": "board-esp32-devkit-c-v4", "id": "esp", "top": 9.6, "left": -81.56, "attrs": {} },
    {
      "type": "board-ssd1306",
      "id": "oled1",
      "top": 60.74,
      "left": 86.63,
      "attrs": { "i2cAddress": "0x3c" }
    }
  ],
  "connections": [
    [ "esp:TX", "$serialMonitor:RX", "", [] ],
    [ "esp:RX", "$serialMonitor:TX", "", [] ],
    [ "oled1:VCC", "esp:3V3", "red", [ "v-96", "h-230.25", "v67.2" ] ],
    [ "oled1:GND", "esp:GND.3", "blue", [ "v-28.8", "h-86.4", "v48", "h0", "v9.6" ] ],
    [ "oled1:SCL", "esp:22", "green", [ "v-48", "h-114.9", "v38.4" ] ],
    [ "oled1:SDA", "esp:21", "violet", [ "v-28.8", "h48.07", "v144", "h-144", "v-96" ] ]
  ],
  "dependencies": {}
}