{
  "version": 1,
  "author": "Shashwat Shukla",
  "editor": "wokwi",
  "parts": [
    { "type": "board-esp32-devkit-c-v4", "id": "esp", "top": 0, "left": 0, "attrs": {} },
    {
      "type": "board-ssd1306",
      "id": "oled1",
      "top": 12.74,
      "left": 134.63,
      "attrs": { "i2cAddress": "0x3c" }
    }
  ],
  "connections": [
    [ "esp:TX", "$serialMonitor:RX", "", [] ],
    [ "esp:RX", "$serialMonitor:TX", "", [] ],
    [ "oled1:GND", "esp:GND.3", "blue", [ "v-28.8", "h-57.6", "v96" ] ],
    [ "oled1:VCC", "esp:3V3", "red", [ "v-57.6", "h-182.25" ] ],
    [ "oled1:SCL", "esp:22", "green", [ "v-38.4", "h57.9", "v144", "h-124.8", "v-76.8" ] ],
    [ "oled1:SDA", "esp:21", "violet", [ "v-19.2", "h57.67", "v144", "h-124.8", "v-67.2" ] ]
  ],
  "dependencies": {}
}